,UMI
TGCAGTGAGTGATAGCTGCAGACTACGTGTGAACGTGACTTAGCTGCATAGCCAAGCAAGTGCAGTGATAGC,5534
CAAGGTGAAGTGGTGAGTGAACGTTAGCAGTGGTGACTTCTGCAACGTTGCAGTGACTTCACGTGTGATAGC,4839
TAGCACGTCTTCTAGCTGCACAAGTAGCTAGCAGTGAGTGGTGAAGTGGTGATAGCCTTCTGCAGTGACAAG,4710
GTGAGTGATAGCTAGCGTGAAGTGGACTCAAGAGTGCTTCGTGAGTGACAAGGACTGTGACAAGTGCAAGTG,4666
GTGATAGCTGCACTTCAGTGGTGAGTGAGTGAACGTACGTTGCAGTGATGCATAGCGACTTAGCCTTCCAAG,4470
CAAGGTGAAGTGGTGAGTGAACGTGACTTAGCCTTCGACTCTTCGTGAAGTGCTTCACGTTGCACTTCCAAG,4082
TAGCGTGATAGCAGTGGACTTGCAGACTTAGCCTTCGACTCTTCGTGACTTCGTGAAGTGTGCATGCACAAG,4071
GACTGTGATGCAGACTTGCAACGTCAAGAGTGCTTCTAGCTAGCGACTCTTCCTTCTGCATGCAAGTGCTTC,4061
CTTCGACTCTTCACGTTGCAGACTAGTGGTGATGCAGTGACTTCGTGAAGTGCTTCTGCAACGTGTGAACGT,3990
GACTGTGAACGTTAGCGACTCAAGGTGAAGTGTGCAGTGATAGCCTTCTAGCGTGACAAGACGTCAAGGACT,3970
AGTGTGCATAGCTGCAGTGAGTGACAAGCAAGGACTGACTGTGAAGTGGACTCTTCCTTCACGTTAGCCAAG,3970
GTGAAGTGCAAGTAGCTGCATAGCTAGCAGTGGTGACTTCTGCAACGTGTGAACGTTGCATAGCCAAGACGT,3928
TGCAGACTTGCAAGTGTAGCGACTCTTCTGCATGCAGACTTAGCGTGATGCACTTCTAGCACGTACGTGACT,3886
CAAGTGCAAGTGTAGCTGCACTTCTGCACTTCTGCAGACTCAAGAGTGTGCAGTGACTTCACGTGTGATAGC,3774
CTTCACGTTGCACTTCGACTTGCAACGTTGCACAAGTAGCCTTCGTGAAGTGGTGACAAGTAGCAGTGACGT,3667
AGTGCTTCAGTGGTGATAGCAGTGGTGAGTGAACGTACGTTGCAGTGAACGTGACTTGCAACGTCAAGGTGA,3661
CAAGGACTTAGCTGCATAGCTGCAGTGAGTGAACGTACGTTGCAGTGAAGTGACGTCTTCACGTGACTGTGA,3609
TAGCTGCACAAGCTTCTAGCAGTGGTGAGACTTGCAGACTGTGATGCATAGCTAGCTGCATGCATAGCACGT,3518
GACTTGCACAAGGACTCAAGTAGCGTGAGTGAAGTGAGTGAGTGCTTCAGTGGTGATAGCCAAGTGCATAGC,3510
CTTCACGTTGCACTTCGACTTGCACAAGAGTGCTTCTAGCTAGCGACTCAAGCTTCGTGATGCAGTGAGACT,3508
CTTCAGTGCAAGCTTCAGTGGACTACGTACGTACGTACGTCTTCTAGCGTGAGACTTAGCACGTGACTCAAG,3507
GACTCTTCACGTCTTCTGCAGACTAGTGGTGAAGTGACGTACGTTGCAGACTGTGAGACTTGCAGTGATGCA,3360
GACTTGCACAAGGACTCAAGTAGCTGCACTTCTGCAGACTCAAGAGTGACGTCTTCCTTCTGCAGACTTGCA,3324
GTGAACGTCAAGGTGAGTGAGTGAAGTGGTGATGCAGTGACTTCGTGAACGTCTTCAGTGTAGCGTGACAAG,3263
TAGCAGTGAGTGCAAGGACTCAAGGACTGTGAGTGACTTCAGTGTAGCTGCAGTGACTTCACGTGTGATAGC,3236
CTTCGTGATGCAAGTGCAAGTAGCAGTGCTTCTAGCGACTGACTCTTCTAGCCTTCTAGCTGCATGCAAGTG,3232
CAAGTGCACTTCTGCACTTCACGTGTGATAGCGTGAGACTTGCACTTCACGTCTTCCAAGACGTTGCACTTC,3229
GACTTAGCAGTGACGTTGCATAGCGTGACTTCCAAGGACTTAGCGACTACGTCAAGTAGCACGTGTGATGCA,3226
GTGATAGCTGCACTTCAGTGGTGACTTCAGTGACGTTGCAGTGAACGTGACTGACTTGCATGCACTTCTAGC,3180
GTGAAGTGGTGATGCACTTCGTGAGTGAGTGAACGTACGTTGCAGTGAGTGACAAGACGTTGCATAGCAGTG,3165
AGTGAGTGCAAGCAAGGTGAAGTGTAGCGTGACTTCTGCAAGTGGTGAGTGAGACTTAGCACGTGACTCAAG,3091
CAAGCTTCAGTGACGTCTTCGTGATAGCTAGCGACTGACTCAAGTGCAACGTGACTTGCAACGTCAAGGTGA,3087
AGTGCTTCGTGAAGTGACGTTAGCGTGAGTGAGACTGACTCTTCTAGCGTGATAGCCTTCTGCAGTGACAAG,3083
GTGATAGCACGTCAAGCAAGGACTCTTCTAGCCTTCAGTGACGTCTTCAGTGCTTCTGCAACGTGTGAACGT,3035
CTTCTAGCTGCATAGCTGCAAGTGTAGCTGCATAGCGACTCTTCCAAGTGCAGTGACAAGTGCACTTCAGTG,3005
AGTGGACTTGCACTTCTGCACTTCACGTCTTCGTGAGACTCTTCACGTGTGACTTCCTTCTAGCACGTGTGA,3001
GACTTGCACAAGGACTCAAGTAGCACGTACGTCAAGCAAGCAAGTGCATAGCTGCACTTCCAAGACGTTAGC,2999
AGTGAGTGAGTGAGTGTGCAGTGACTTCACGTACGTCAAGTGCACTTCGTGAGTGATGCATGCAGACTGACT,2963
CAAGCTTCAGTGACGTCTTCGTGACTTCGTGACTTCTAGCCTTCTGCACTTCCAAGCAAGTAGCCAAGCAAG,2959
AGTGAGTGTAGCTAGCACGTCAAGTGCAAGTGCTTCAGTGAGTGCAAGACGTCAAGTAGCACGTGTGATGCA,2946
CAAGCTTCGACTCTTCAGTGACGTACGTTAGCTAGCCTTCTGCACAAGCTTCCTTCACGTACGTCAAGTGCA,2941
TAGCTGCAGACTTAGCGTGAACGTTGCAAGTGACGTGACTCTTCGACTACGTCTTCCTTCTGCAGACTTGCA,2938
AGTGTAGCACGTTAGCTAGCGTGAACGTTAGCTAGCCTTCTGCACAAGCAAGTGCACAAGACGTGTGACAAG,2926
GACTCTTCTGCACAAGGACTGTGACAAGACGTCAAGAGTGAGTGTAGCTGCATAGCCTTCCAAGTAGCAGTG,2920
CAAGCTTCAGTGACGTCTTCGTGAACGTACGTGACTGACTTGCAGTGAGACTTGCAGTGAACGTACGTGTGA,2914
AGTGCTTCAGTGGTGATAGCAGTGTAGCGTGACTTCTGCAAGTGGTGACAAGCTTCTAGCCAAGCAAGCAAG,2907
AGTGCTTCAGTGGTGATAGCAGTGGACTGACTCAAGCAAGAGTGCTTCTAGCTGCACTTCCAAGACGTTAGC,2896
GACTTGCAAGTGTGCATAGCGACTAGTGGTGACTTCGACTCAAGCAAGACGTGTGATGCATAGCACGTCTTC,2869
CAAGGTGAACGTTGCAACGTTAGCTAGCCAAGAGTGGACTTGCAGACTGACTGTGATAGCACGTCTTCCTTC,2777
TGCACAAGTAGCAGTGTGCACTTCCAAGCAAGAGTGAGTGCAAGTGCAAGTGAGTGTGCATGCACAAGTGCA,2768
AGTGCTTCGTGAAGTGACGTTAGCACGTCAAGACGTTAGCTGCAACGTGTGAGACTGACTTGCATGCAACGT,2750
CTTCTGCAAGTGCAAGGTGATGCAAGTGCAAGTAGCCTTCTAGCGACTACGTCTTCAGTGTAGCGTGACAAG,2748
GACTCTTCTAGCGTGAGTGATAGCCAAGAGTGAGTGTGCAAGTGAGTGAGTGCAAGGACTCAAGACGTGTGA,2746
GACTGTGATGCAGACTTGCAACGTTAGCTAGCAGTGAGTGGTGAAGTGCAAGCAAGACGTACGTGACTGACT,2738
TGCAAGTGTAGCTGCAGACTTAGCAGTGGTGATGCAGTGACTTCGTGATGCAGTGACTTCACGTGTGATAGC,2728
TGCATAGCTAGCGACTGTGAACGTAGTGCTTCTAGCGACTGACTCTTCCTTCGTGAGACTCAAGTAGCGACT,2710
AGTGAGTGTAGCTAGCACGTCAAGTAGCCTTCTGCATAGCCTTCGACTCAAGCAAGACGTACGTGACTGACT,2674
CTTCTAGCTGCATAGCTGCAAGTGCTTCTAGCCTTCAGTGACGTCTTCACGTTGCATAGCCAAGTAGCCTTC,2653
TAGCTGCACAAGCTTCTAGCAGTGGTGAGACTTGCAGACTGTGATGCAACGTTAGCCTTCTAGCCAAGTAGC,2650
TGCACAAGCTTCTGCACAAGGACTTAGCTGCAGTGAAGTGAGTGGACT,2638
AGTGAGTGCAAGCAAGGTGAAGTGTAGCCTTCAGTGCTTCACGTCTTCTGCAAGTGGTGACAAGACGTCTTC,2638
TAGCTGCAGACTTAGCGTGAACGTCAAGAGTGCTTCTAGCTAGCGACTACGTCAAGGACTTGCACTTCCTTC,2632
AGTGTAGCGACTTGCAAGTGTAGCACGTCTTCGTGAGACTCTTCACGTGTGACAAGTGCAACGTACGTTAGC,2627
GACTCAAGCTTCAGTGGACTTAGCACGTACGTTAGCTAGCGACTGACTAGTGCTTCTGCAACGTGTGAACGT,2625
ACGTCAAGCTTCGTGATAGCGTGATAGCTGCATAGCGACTCTTCCAAGACGTGACTTGCAACGTCAAGGTGA,2539
CTTCAGTGCAAGCTTCAGTGGACTTGCAAGTGCTTCAGTGAGTGCAAGTAGCCAAGCTTCACGTCTTCAGTG,2532
GACTCAAGCTTCAGTGGACTTAGCCAAGACGTCAAGAGTGAGTGTAGCGACTCAAGGTGACAAGCTTCGACT,2510
TAGCTGCACAAGCTTCTAGCAGTGGTGAGTGAACGTACGTTGCAGTGAGACTCAAGGTGACAAGCTTCGACT,2508
CTTCAGTGGACTTAGCGACTCTTCTAGCCTTCACGTGACTGTGAGTGAGTGAACGTGTGACAAGGACTTAGC,2495
TAGCACGTCTTCTAGCTGCACAAGAGTGAGTGGACTGACTTAGCACGTAGTGTGCAGTGACAAGCAAGACGT,2482
CTTCAGTGAGTGGTGAACGTTAGCGACTTAGCGACTCTTCTAGCCTTCGACTCTTCGTGATAGCCAAGCTTC,2475
AGTGGACTTGCACTTCTGCACTTCCTTCGTGACTTCTAGCCTTCTGCATAGCCTTCGTGACAAGTAGCTGCA,2446
GACTCAAGCAAGGTGATGCAAGTGGTGAGACTTGCAGACTGTGATGCAACGTGTGATGCATAGCACGTCTTC,2428
AGTGTAGCGACTTGCAAGTGTAGCGTGACTTCGACTCAAGGTGACTTCACGTTGCATAGCCAAGTAGCCTTC,2419
CTTCAGTGCAAGCTTCAGTGGACTCAAGTGCAGTGAGACTGACTTGCAAGTGCTTCACGTTGCACTTCCAAG,2416
CAAGGTGAACGTTGCAACGTTAGCTAGCTGCATAGCGACTCTTCCAAGGACTCAAGGTGACAAGCTTCGACT,2361
GTGATGCACTTCACGTCAAGCTTCAGTGAGTGGACTGACTTAGCACGTACGTTGCAGTGATGCATGCATAGC,2353
GACTTGCACAAGGACTCAAGTAGCAGTGTAGCTAGCACGTCAAGAGTGGACTCTTCGTGATAGCCAAGCTTC,2345
TGCATAGCTAGCGACTGTGAACGTACGTTAGCTGCAAGTGCTTCTGCACTTCTGCAACGTTAGCACGTGACT,2345
TGCACTTCGACTTGCATAGCGTGATAGCAGTGGTGACTTCTGCAACGTGTGACAAGGACTTAGCAGTGGACT,2310
GTGAACGTTAGCTGCAACGTCTTCCTTCAGTGACGTTGCAGTGAACGTTGCAGTGACAAGTGCACTTCAGTG,2306
AGTGCTTCAGTGGTGATAGCAGTGCAAGTGCAACGTCAAGAGTGGTGAGACTTGCAGTGAACGTACGTGTGA,2267
CTTCTAGCTAGCTGCACTTCGACTCTTCGTGACAAGGACTGTGACTTCTAGCTAGCTGCATGCATAGCACGT,2254
TAGCAGTGTAGCACGTTAGCGTGATGCAACGTCAAGTAGCTAGCCTTCGACTCTTCGTGATAGCCAAGCTTC,2251
CTTCAGTGCAAGCTTCAGTGGACTTGCAACGTCAAGTAGCTAGCCTTCGTGATAGCCAAGACGTCTTCACGT,2234
TAGCAGTGTAGCACGTTAGCGTGAGACTTAGCGACTCTTCTAGCCTTCAGTGGTGACAAGTAGCAGTGACGT,2232
GTGATAGCAGTGTAGCGACTTGCAACGTCAAGAGTGCAAGAGTGTAGCTAGCAGTGGACTTGCAACGTGACT,2226
CAAGTGCACTTCTGCACTTCACGTCTTCTAGCCTTCAGTGACGTCTTCAGTGCTTCACGTTGCACTTCCAAG,2217
CAAGCTTCTGCAGTGAACGTTGCAGTGAGTGAAGTGAGTGAGTGCTTCACGTCTTCCTTCTGCAGACTTGCA,2209
CTTCAGTGGACTTAGCGACTCTTCCAAGAGTGTAGCCTTCGTGACTTCCTTCAGTGTGCAACGTCTTCCAAG,2205
AGTGCAAGCAAGGACTCTTCTGCAAGTGGTGACTTCGACTCAAGCAAGAGTGAGTGTGCATGCACAAGTGCA,2204
CTTCACGTTGCACTTCGACTTGCAGTGACTTCAGTGTGCACAAGTAGCAGTGACGTCTTCACGTGACTGTGA,2191
CAAGCTTCTGCAGTGAACGTTGCATAGCGACTCTTCGACTTAGCCTTCGACTCTTCGTGATAGCCAAGCTTC,2190
CTTCACGTTGCACTTCGACTTGCAGTGACTTCTGCAAGTGTGCACAAGGACTCTTCCTTCACGTTAGCCAAG,2161
GACTCTTCTGCACAAGGACTGTGACAAGACGTCAAGAGTGAGTGTAGCACGTTAGCCTTCTAGCCAAGTAGC,2110
TGCAGACTCAAGGACTTGCACAAGAGTGTAGCTAGCACGTCAAGAGTGCTTCCAAGCAAGTAGCCAAGCAAG,2097
TGCACAAGTAGCAGTGTGCACTTCTAGCTAGCACGTACGTACGTCAAGCAAGGTGACTTCCAAGGACTCTTC,2091
TGCAAGTGAGTGCTTCTAGCTGCACAAGCAAGAGTGAGTGCAAGTGCAGTGATAGCCTTCTGCAGTGACAAG,2050
CAAGTGCAAGTGTAGCTGCACTTCCAAGAGTGTAGCCTTCGTGACTTCTGCACTTCTAGCACGTACGTGACT,2049
CAAGGTGAAGTGGTGAGTGAACGTAGTGTAGCTAGCACGTCAAGAGTGGACTGACTTGCATGCACTTCTAGC,2041
GTGATAGCTGCACTTCAGTGGTGATGCAGACTTAGCCTTCAGTGAGTGACGTTGCAGTGATGCATGCATAGC,2012
GACTTGCACTTCTAGCAGTGAGTGCTTCAGTGACGTTGCAGTGAACGTGACTCAAGGTGACAAGCTTCGACT,2006
GTGATAGCAGTGTAGCGACTTGCACTTCGTGACTTCTAGCCTTCTGCATAGCTGCACTTCCAAGACGTTAGC,1996
TAGCTAGCTAGCTAGCAGTGCTTCCAAGGACTCTTCAGTGGTGAGTGATGCAAGTGGTGACAAGACGTCTTC,1995
GTGAACGTCTTCAGTGCTTCGACTGTGAGTGAACGTACGTTGCAGTGAGACTGTGAGACTTGCAGTGATGCA,1988
TGCAGTGAGTGATAGCTGCAGACTTAGCTAGCACGTACGTACGTCAAGTAGCGTGACAAGACGTCAAGGACT,1983
CTTCTAGCTAGCTGCACTTCGACTGTGAGTGAACGTACGTTGCAGTGATGCATGCAACGTACGTTAGCACGT,1968
CTTCAGTGCAAGCTTCAGTGGACTCTTCTAGCCTTCAGTGACGTCTTCCAAGGACTGTGACAAGTGCAAGTG,1959
CTTCAGTGGTGAAGTGTAGCAGTGGACTGTGAAGTGCAAGCAAGAGTGAGTGTAGCAGTGCAAGCTTCCTTC,1946
GTGATGCAACGTCTTCGTGATAGCACGTCAAGAGTGCAAGAGTGTAGCGTGAACGTGTGACAAGGACTTAGC,1945
AGTGTAGCACGTTAGCTAGCGTGAGTGACTTCCAAGGACTTAGCGACTACGTGACTGACTTAGCTAGCAGTG,1943
GTGAAGTGGTGATGCACTTCGTGACTTCAGTGACGTTGCAGTGAACGTTAGCTAGCCAAGCAAGTGCAGTGA,1925
GACTCAAGCAAGGTGATGCAAGTGGTGAGACTTGCAGACTGTGATGCATGCATAGCTGCAACGTGACTCTTC,1921
GTGAAGTGCAAGTAGCTGCATAGCTAGCTAGCAGTGAGTGGTGAAGTGTGCAGTGACAAGTGCACTTCAGTG,1910
TGCACTTCAGTGCAAGTGCAACGTGACTCAAGAGTGCTTCGTGAGTGAAGTGGTGATAGCCAAGTGCATAGC,1901
GACTTGCAAGTGTGCATAGCGACTGACTGTGAGTGACTTCAGTGTAGCCTTCGTGAGACTCAAGTAGCGACT,1893
TGCAGTGAGTGATAGCTGCAGACTAGTGGTGAGTGATGCATAGCCTTCACGTCTTCCTTCTGCAGACTTGCA,1879
CTTCGACTCTTCACGTTGCAGACTAGTGAGTGGACTGACTTAGCACGTACGTCAAGTAGCACGTGTGATGCA,1875
GTGAACGTCTTCAGTGCTTCGACTCAAGTAGCAGTGGACTTAGCCAAGCTTCAGTGTGCAACGTCTTCCAAG,1870
TAGCGACTGTGATGCACAAGCAAGACGTACGTCAAGCAAGCAAGTGCATGCATGCATGCATGCAACGTCAAG,1861
TGCACTTCACGTTAGCAGTGTAGCCAAGAGTGTAGCCTTCGTGACTTCCAAGCAAGTGCATGCATGCAGTGA,1852
TGCACTTCACGTTAGCAGTGTAGCCTTCGTGACAAGGACTGTGACTTC,1840
TAGCTAGCTAGCTAGCAGTGCTTCTAGCGTGACTTCTGCAAGTGGTGAGACTTAGCTAGCCAAGACGTTGCA,1810
GTGATGCATAGCGTGATGCAGACTGTGACTTCCAAGGACTTAGCGACTTGCATAGCTGCAACGTGACTCTTC,1791
TAGCGTGAACGTCAAGCTTCACGTACGTTAGCTGCAAGTGCTTCTGCAACGTCTTCCTTCTGCAGACTTGCA,1784
CTTCTAGCTGCATAGCTGCAAGTGGACTTAGCCTTCGACTCTTCGTGATAGCTAGCCAAGCAAGTGCAGTGA,1755
CAAGGTGAACGTTGCAACGTTAGCACGTACGTACGTACGTCTTCTAGCTAGCCAAGCAAGTGCAGTGATAGC,1738
CAAGGTGATGCAACGTTAGCAGTGTAGCGTGACTTCTGCAAGTGGTGAACGTCTTCAGTGTAGCGTGACAAG,1687
GTGAGTGATAGCTAGCGTGAAGTGACGTACGTGACTGACTTGCAGTGATGCAACGTTAGCCAAGCTTCGTGA,1685
TGCAAGTGTGCATAGCGTGAGTGAAGTGGTGAAGTGACGTACGTTGCAGACTCTTCGTGATAGCCAAGCTTC,1668
TGCAAGTGAGTGCTTCTAGCTGCAGTGATAGCGTGAGACTTGCACTTCCTTCAGTGCTTCCAAGCAAGGTGA,1650
AGTGAGTGAGTGAGTGTGCAGTGAGACTGACTCAAGCAAGAGTGCTTCACGTGTGATAGCTGCACAAGACGT,1594
CTTCTGCAAGTGCAAGGTGATGCAAGTGTGCATGCATAGCGACTTAGCACGTTGCAGTGATGCATGCATAGC,1498
TGCAGACTTGCAAGTGTAGCGACTACGTTAGCTGCAAGTGCTTCTGCAACGTTGCAGTGATGCATGCATAGC,1496
AGTGCTTCGTGAAGTGACGTTAGCCAAGTGCAGTGAGACTGACTTGCACTTCGTGAGACTCAAGTAGCGACT,1484
TAGCGACTCAAGTAGCACGTTGCATAGCCTTCACGTGACTGTGAGTGACAAGTGCACAAGACGTGTGACAAG,1480
GTGAACGTCTTCAGTGCTTCGACTACGTACGTGACTGACTTGCAGTGAGACTTAGCCAAGTAGCGTGAGACT,1472
CTTCAGTGAGTGGTGAACGTTAGCTAGCTAGCACGTACGTACGTCAAGTAGCCAAGCAAGTGCAGTGATAGC,1470
TAGCTGCACAAGCTTCTAGCAGTGCTTCTGCAGACTTGCACAAGAGTGGTGACAAGTGCAACGTACGTTAGC,1470
TGCACTTCACGTTAGCAGTGTAGCACGTCAAGAGTGCAAGAGTGTAGCCAAGCTTCTAGCCAAGCAAGCAAG,1440
TAGCACGTCTTCTAGCTGCACAAGCTTCTGCATGCAGACTTAGCGTGACAAGCTTCGTGATGCAGTGAGACT,1426
GTGAAGTGCAAGTAGCTGCATAGCAGTGCTTCTAGCGACTGACTCTTCCTTCCAAGAGTGACGTTAGCCTTC,1419
TGCACAAGCTTCTGCACAAGGACTACGTCAAGTGCAGACTGACTCAAGTGCATGCACAAGCAAGGACTGACT,1409
TGCACAAGCTTCTGCACAAGGACTAGTGCAAGTAGCCTTCTAGCGACTAGTGACGTCAAGTGCATGCAGACT,1388
GACTTGCAAGTGTGCATAGCGACTTGCACTTCGTGACTTCGACTCAAGCAAGCTTCTAGCCAAGCAAGCAAG,1385
CAAGTAGCTGCACAAGGTGATAGCGACTGACTCAAGCAAGAGTGCTTCTGCATGCAACGTACGTTAGCACGT,1383
GTGATAGCTGCACTTCAGTGGTGACTTCGTGACTTCTAGCCTTCTGCAAGTGCAAGGACTCAAGACGTGTGA,1324
CAAGCTTCGACTCTTCAGTGACGTTAGCCTTCACGTGACTGTGAGTGAGACTTAGCTAGCCAAGACGTTGCA,1302
AGTGCAAGCAAGGACTCTTCTGCAACGTACGTTAGCTAGCGACTGACTGTGACAAGGACTTAGCAGTGGACT,1272
TGCACTTCACGTTAGCAGTGTAGCGACTGACTCAAGCAAGAGTGCTTCGTGACAAGACGTTGCATAGCAGTG,1257
GACTTGCACTTCTAGCAGTGAGTGTAGCTAGCACGTACGTACGTCAAGTGCAGTGACAAGTGCACTTCAGTG,1207
TAGCACGTCTTCTAGCTGCACAAGTGCAAGTGACGTGACTCTTCGACTACGTCTTCAGTGTAGCGTGACAAG,1205
TGCACTTCAGTGCAAGTGCAACGTCAAGAGTGCTTCTAGCTAGCGACTCAAGCAAGTAGCTAGCCTTCTAGC,1162
CAAGTGCACTTCTGCACTTCACGTTAGCAGTGGTGACTTCTGCAACGTACGTCTTCAGTGTAGCGTGACAAG,1134
AGTGAGTGTAGCTAGCACGTCAAGCTTCTAGCACGTGACTGACTTAGCTGCATAGCCTTCCAAGTAGCAGTG,1115
AGTGCTTCGTGAAGTGACGTTAGCCAAGAGTGTAGCCTTCGTGACTTCCTTCCAAGAGTGACGTTAGCCTTC,1103
TGCATAGCGTGAAGTGCAAGGTGAGACTTAGCCTTCGACTCTTCGTGACAAGGTGACTTCCAAGGACTCTTC,1101
CAAGGACTTAGCTGCATAGCTGCAAGTGAGTGGACTGACTTAGCACGTCAAGCAAGTAGCTAGCCTTCTAGC,1068
TGCACTTCGACTTGCATAGCGTGAACGTCAAGACGTTAGCTGCAACGTGTGAGTGACAAGCAAGACGTCAAG,1055
AGTGTAGCACGTTAGCTAGCGTGAGACTGACTCAAGCAAGAGTGCTTCACGTCAAGTAGCACGTGTGATGCA,1051
CTTCTAGCTGCATAGCTGCAAGTGACGTGTGAACGTGACTTAGCTGCATAGCACGTGTGAACGTGTGACTTC,1043
CAAGTGCAAGTGTAGCTGCACTTCCTTCAGTGACGTTGCAGTGAACGTCAAGTAGCCAAGTGCACAAGCTTC,1002
AGTGTGCAAGTGCTTCAGTGCAAGCAAGGACTCAAGGTGACTTCGACTGTGAGACTGACTTGCATGCAACGT,958
TGCATAGCGTGAAGTGCAAGGTGAACGTCAAGTGCAGACTGACTCAAGGACTTGCAGTGAACGTACGTGTGA,878
AGTGTGCACAAGGTGAACGTCTTCCAAGGACTCTTCAGTGGTGAGTGACTTCAGTGTGCAACGTCTTCCAAG,876
GACTGTGAACGTTAGCGACTCAAGGACTGACTCAAGCAAGAGTGCTTCGACTCTTCGTGATAGCCAAGCTTC,778
CTTCAGTGAGTGGTGAACGTTAGCCTTCGTGACTTCTAGCCTTCTGCATAGCCTTCTAGCTGCATGCAAGTG,761
GACTTGCACAAGGACTCAAGTAGCACGTTAGCTGCAAGTGCTTCTGCAAGTGACGTGTGATAGCCTTCAGTG,743
CAAGCAAGGTGAGTGAAGTGCTTCGTGACTTCTGCAAGTGTGCACAAGGTGAGACTTAGCACGTGACTCAAG,678
AGTGCTTCGTGAAGTGACGTTAGCTAGCCTTCAGTGCTTCACGTCTTCGTGAGTGACAAGCAAGACGTCAAG,664
CTTCACGTTGCACTTCGACTTGCACTTCGTGACTTCTAGCCTTCTGCATGCAGTGACAAGTGCACTTCAGTG,615
GACTCAAGCAAGGTGATGCAAGTGCAAGTGCAACGTCAAGAGTGGTGACAAGCAAGTGCATGCATGCAGTGA,471
TGCACTTCAGTGCAAGTGCAACGTACGTACGTTAGCTAGCGACTGACTGTGAGACTTAGCACGTGACTCAAG,438
GACTCAAGCAAGGTGATGCAAGTGGACTTAGCCTTCGACTCTTCGTGAACGTCTTCCAAGACGTTGCACTTC,431
AGTGCAAGTGCAAGTGAGTGAGTGGACTGTGAAGTGCAAGCAAGAGTGGTGAGACTTAGCACGTGACTCAAG,418
GTGATAGCTGCACTTCAGTGGTGATAGCCAAGGTGATAGCGACTGTGAGTGACAAGTGCAACGTACGTTAGC,413
AGTGTGCATAGCTGCAGTGAGTGATAGCCTTCACGTGACTGTGAGTGAGTGAAGTGAGTGACGTGTGAGACT,410
TGCAAGTGTGCATAGCGTGAGTGATAGCTGCATAGCGACTCTTCCAAGTAGCTAGCTGCATGCATAGCACGT,400
GACTGTGATGCAGACTTGCAACGTCAAGTGCAACGTCAAGAGTGGTGAGACTCTTCGTGATAGCCAAGCTTC,388
GACTTGCAAGTGTGCATAGCGACTACGTTAGCTAGCCTTCTGCACAAGCAAGCAAGTAGCTAGCCTTCTAGC,386
TGCACTTCAGTGCAAGTGCAACGTACGTTAGCTGCAAGTGCTTCTGCAACGTGACTGACTTAGCTAGCAGTG,382
TAGCGACTGTGATGCACAAGCAAGCAAGCAAGGACTGACTGTGAAGTGCTTCAGTGTGCAACGTCTTCCAAG,382
AGTGACGTTAGCGTGAAGTGTGCACAAGAGTGTAGCCTTCGTGACTTCGTGATAGCCAAGACGTCTTCACGT,360
CTTCTAGCTGCATAGCTGCAAGTGGTGAGTGAACGTACGTTGCAGTGAACGTCAAGGACTTGCACTTCCTTC,358
TGCACAAGCTTCTGCACAAGGACTAGTGCTTCTAGCGACTGACTCTTCCAAGACGTGACTTGCAGACTCAAG,352
TGCAAGTGTGCATAGCGTGAGTGATGCAGACTTAGCCTTCAGTGAGTGCAAGCAAGTAGCTAGCCTTCTAGC,352
CTTCGACTCAAGTGCAGACTGTGAACGTCAAGAGTGCAAGAGTGTAGCGACTCTTCGTGATAGCCAAGCTTC,326
GACTTGCACTTCTAGCAGTGAGTGACGTTAGCTAGCCTTCTGCACAAGACGTCAAGTAGCACGTGTGATGCA,324
TGCACAAGTAGCAGTGTGCACTTCTAGCCAAGGTGATAGCGACTGTGAGACTTAGCTAGCCAAGACGTTGCA,318
CTTCGACTCAAGTGCAGACTGTGATAGCTAGCGACTGACTCAAGTGCACTTCCAAGCAAGTAGCCAAGCAAG,298
AGTGAGTGAGTGAGTGTGCAGTGACTTCTAGCACGTGACTGACTTAGCGTGAGACTGACTTGCATGCAACGT,273
CAAGGACTTAGCTGCATAGCTGCACAAGACGTCAAGAGTGAGTGTAGCACGTTAGCAGTGTGCAACGTGTGA,268
AGTGTAGCGACTTGCAAGTGTAGCAGTGGTGATGCAGTGACTTCGTGAGACTCTTCCTTCACGTTAGCCAAG,261
GACTTAGCAGTGACGTTGCATAGCGTGAGTGAAGTGAGTGAGTGCTTCGTGAGACTGACTTGCATGCAACGT,257
TGCACTTCACGTTAGCAGTGTAGCGTGACTTCGACTCAAGGTGACTTCCAAGTAGCCAAGTGCACAAGCTTC,256
CAAGCTTCTGCAGTGAACGTTGCAAGTGCAAGTAGCCTTCTAGCGACTAGTGACGTGTGATAGCCTTCAGTG,255
TAGCGTGATAGCAGTGGACTTGCATGCACTTCTGCAGACTCAAGAGTGGACTTGCAGTGAACGTACGTGTGA,255
AGTGTGCATAGCTGCAGTGAGTGAACGTCAAGACGTTAGCTGCAACGTGACTTGCAGTGAACGTACGTGTGA,252
AGTGCAAGGTGAACGTTGCACAAGCAAGCAAGAGTGAGTGCAAGTGCAACGTCTTCCTTCTGCAGACTTGCA,251
GACTCTTCTAGCGTGAGTGATAGCCAAGTGCAGTGAGACTGACTTGCAACGTTGCATAGCCAAGTAGCCTTC,246
CAAGCAAGCAAGCAAGTAGCACGTCAAGCAAGAGTGAGTGCAAGTGCAAGTGTAGCAGTGCAAGCTTCCTTC,229
GTGATAGCACGTCAAGCAAGGACTAGTGTAGCTAGCACGTCAAGAGTGGTGAACGTTGCATAGCCAAGACGT,200
GTGATGCAACGTCTTCGTGATAGCCAAGTAGCAGTGGACTTAGCCAAGGACTCAAGGTGACAAGCTTCGACT,196
TGCATAGCTAGCGACTGTGAACGTCTTCTAGCACGTGACTGACTTAGCAGTGTAGCAGTGCAAGCTTCCTTC,162
AGTGTGCACTTCAGTGTAGCTGCAAGTGTGCAACGTGACTTGCAAGTGTGCAAGTGGTGACAAGACGTCTTC,145
